label,year,yearly_mean,yearly_max,yearly_min,yearly_sum,n_points
t-shirt,2004,86.91666666666667,99.0,75.0,1043.0,12
t-shirt,2005,83.83333333333333,100.0,68.0,1006.0,12
t-shirt,2006,75.0,89.0,65.0,900.0,12
t-shirt,2007,66.66666666666667,77.0,57.0,800.0,12
t-shirt,2008,63.583333333333336,72.0,55.0,763.0,12
t-shirt,2009,56.916666666666664,65.0,51.0,683.0,12
t-shirt,2010,49.75,62.0,42.0,597.0,12
t-shirt,2011,41.833333333333336,48.0,38.0,502.0,12
t-shirt,2012,39.916666666666664,47.0,34.0,479.0,12
t-shirt,2013,32.916666666666664,38.0,28.0,395.0,12
t-shirt,2014,30.0,35.0,26.0,360.0,12
t-shirt,2015,27.083333333333332,32.0,23.0,325.0,12
t-shirt,2016,26.166666666666668,31.0,22.0,314.0,12
t-shirt,2017,25.583333333333332,31.0,21.0,307.0,12
t-shirt,2018,25.25,30.0,21.0,303.0,12
t-shirt,2019,24.416666666666668,30.0,19.0,293.0,12
t-shirt,2020,26.333333333333332,35.0,19.0,316.0,12
t-shirt,2021,29.333333333333332,35.0,22.0,352.0,12
t-shirt,2022,34.833333333333336,43.0,27.0,418.0,12
t-shirt,2023,34.916666666666664,44.0,28.0,419.0,12
t-shirt,2024,37.666666666666664,46.0,28.0,452.0,12
t-shirt,2025,42.1,56.0,31.0,421.0,10
shirt,2004,27.916666666666668,31.0,23.0,335.0,12
shirt,2005,29.333333333333332,32.0,25.0,352.0,12
shirt,2006,28.75,33.0,25.0,345.0,12
shirt,2007,27.833333333333332,31.0,22.0,334.0,12
shirt,2008,29.416666666666668,33.0,25.0,353.0,12
shirt,2009,30.583333333333332,34.0,26.0,367.0,12
shirt,2010,32.5,38.0,27.0,390.0,12
shirt,2011,34.083333333333336,38.0,29.0,409.0,12
shirt,2012,39.666666666666664,45.0,32.0,476.0,12
shirt,2013,41.75,48.0,34.0,501.0,12
shirt,2014,45.5,52.0,39.0,546.0,12
shirt,2015,48.416666666666664,54.0,40.0,581.0,12
shirt,2016,54.333333333333336,61.0,44.0,652.0,12
shirt,2017,59.75,67.0,50.0,717.0,12
shirt,2018,62.083333333333336,72.0,51.0,745.0,12
shirt,2019,63.25,72.0,51.0,759.0,12
shirt,2020,60.166666666666664,71.0,46.0,722.0,12
shirt,2021,64.91666666666667,76.0,50.0,779.0,12
shirt,2022,70.08333333333333,83.0,55.0,841.0,12
shirt,2023,72.66666666666667,85.0,60.0,872.0,12
shirt,2024,76.75,88.0,62.0,921.0,12
shirt,2025,82.6,100.0,62.0,826.0,10
hoodie,2004,2.0833333333333335,4.0,1.0,25.0,12
hoodie,2005,2.0833333333333335,4.0,1.0,25.0,12
hoodie,2006,2.0,3.0,1.0,24.0,12
hoodie,2007,1.8333333333333333,3.0,1.0,22.0,12
hoodie,2008,2.0,4.0,1.0,24.0,12
hoodie,2009,2.0,4.0,1.0,24.0,12
hoodie,2010,2.5833333333333335,5.0,1.0,31.0,12
hoodie,2011,2.6666666666666665,5.0,1.0,32.0,12
hoodie,2012,3.5,7.0,2.0,42.0,12
hoodie,2013,4.5,9.0,2.0,54.0,12
hoodie,2014,5.0,10.0,3.0,60.0,12
hoodie,2015,5.5,11.0,3.0,66.0,12
hoodie,2016,6.833333333333333,14.0,4.0,82.0,12
hoodie,2017,8.25,18.0,4.0,99.0,12
hoodie,2018,8.416666666666666,16.0,4.0,101.0,12
hoodie,2019,8.916666666666666,16.0,4.0,107.0,12
hoodie,2020,8.75,16.0,5.0,105.0,12
hoodie,2021,9.416666666666666,16.0,5.0,113.0,12
hoodie,2022,9.416666666666666,16.0,5.0,113.0,12
hoodie,2023,9.583333333333334,17.0,5.0,115.0,12
hoodie,2024,9.916666666666666,18.0,5.0,119.0,12
hoodie,2025,9.1,14.0,5.0,91.0,10
sweatshirt,2004,6.541666666666667,16.5,3.0,78.5,12
sweatshirt,2005,6.25,15.5,3.0,75.0,12
sweatshirt,2006,6.083333333333333,15.0,2.5,73.0,12
sweatshirt,2007,5.333333333333333,13.5,2.5,64.0,12
sweatshirt,2008,4.875,11.5,2.5,58.5,12
sweatshirt,2009,4.791666666666667,12.0,2.5,57.5,12
sweatshirt,2010,5.166666666666667,13.0,2.5,62.0,12
sweatshirt,2011,8.5,16.5,5.5,102.0,12
sweatshirt,2012,10.416666666666666,19.0,6.0,125.0,12
sweatshirt,2013,12.25,21.5,6.5,147.0,12
sweatshirt,2014,11.916666666666666,22.5,6.5,143.0,12
sweatshirt,2015,12.375,23.0,7.0,148.5,12
sweatshirt,2016,16.166666666666668,30.0,10.5,194.0,12
sweatshirt,2017,18.208333333333332,36.5,10.0,218.5,12
sweatshirt,2018,21.291666666666668,40.5,11.0,255.5,12
sweatshirt,2019,22.833333333333332,43.0,13.0,274.0,12
sweatshirt,2020,27.25,46.0,17.5,327.0,12
sweatshirt,2021,28.625,49.0,14.0,343.5,12
sweatshirt,2022,28.791666666666668,48.0,14.5,345.5,12
sweatshirt,2023,29.666666666666668,53.0,15.5,356.0,12
sweatshirt,2024,29.333333333333332,56.5,15.0,352.0,12
sweatshirt,2025,26.7,39.0,15.5,267.0,10
sweater,2004,9.25,15.0,5.0,111.0,12
sweater,2005,9.5,15.0,6.0,114.0,12
sweater,2006,9.166666666666666,15.0,5.0,110.0,12
sweater,2007,9.0,17.0,5.0,108.0,12
sweater,2008,9.666666666666666,18.0,5.0,116.0,12
sweater,2009,9.333333333333334,17.0,5.0,112.0,12
sweater,2010,9.75,18.0,5.0,117.0,12
sweater,2011,10.916666666666666,18.0,7.0,131.0,12
sweater,2012,13.166666666666666,21.0,8.0,158.0,12
sweater,2013,15.333333333333334,26.0,10.0,184.0,12
sweater,2014,16.666666666666668,29.0,11.0,200.0,12
sweater,2015,16.25,29.0,10.0,195.0,12
sweater,2016,17.916666666666668,32.0,12.0,215.0,12
sweater,2017,19.916666666666668,38.0,12.0,239.0,12
sweater,2018,21.333333333333332,39.0,13.0,256.0,12
sweater,2019,21.083333333333332,35.0,15.0,253.0,12
sweater,2020,21.166666666666668,35.0,16.0,254.0,12
sweater,2021,22.75,38.0,18.0,273.0,12
sweater,2022,21.666666666666668,35.0,17.0,260.0,12
sweater,2023,21.083333333333332,34.0,17.0,253.0,12
sweater,2024,22.666666666666668,39.0,18.0,272.0,12
sweater,2025,20.7,27.0,18.0,207.0,10
jeans,2004,1.0,1.0,1.0,12.0,12
jeans,2005,1.0,1.0,1.0,12.0,12
jeans,2006,1.0,1.0,1.0,12.0,12
jeans,2007,1.0,1.0,1.0,12.0,12
jeans,2008,1.0,1.0,1.0,12.0,12
jeans,2009,1.0,1.0,1.0,12.0,12
jeans,2010,1.0,1.0,1.0,12.0,12
jeans,2011,1.0,1.0,1.0,12.0,12
jeans,2012,1.0,1.0,1.0,12.0,12
jeans,2013,1.0,1.0,1.0,12.0,12
jeans,2014,1.0,1.0,1.0,12.0,12
jeans,2015,1.0,1.0,1.0,12.0,12
jeans,2016,1.0,1.0,1.0,12.0,12
jeans,2017,1.3333333333333333,2.0,1.0,16.0,12
jeans,2018,1.1666666666666667,2.0,1.0,14.0,12
jeans,2019,1.0833333333333333,2.0,1.0,13.0,12
jeans,2020,1.0,1.0,1.0,12.0,12
jeans,2021,1.5,2.0,1.0,18.0,12
jeans,2022,1.5833333333333333,2.0,1.0,19.0,12
jeans,2023,2.0,2.0,2.0,24.0,12
jeans,2024,2.0,2.0,2.0,24.0,12
jeans,2025,2.4,3.0,2.0,24.0,10
cargo pants,2004,17.625,20.0,15.0,211.5,12
cargo pants,2005,18.666666666666668,20.5,16.0,224.0,12
cargo pants,2006,18.708333333333332,21.5,14.0,224.5,12
cargo pants,2007,18.041666666666668,21.5,15.0,216.5,12
cargo pants,2008,18.416666666666668,21.5,15.0,221.0,12
cargo pants,2009,18.875,22.0,16.0,226.5,12
cargo pants,2010,21.541666666666668,25.5,16.0,258.5,12
cargo pants,2011,21.166666666666668,23.5,18.0,254.0,12
cargo pants,2012,22.041666666666668,25.0,18.0,264.5,12
cargo pants,2013,22.208333333333332,24.0,17.5,266.5,12
cargo pants,2014,21.833333333333332,27.0,17.5,262.0,12
cargo pants,2015,21.083333333333332,23.0,16.5,253.0,12
cargo pants,2016,20.75,22.5,17.0,249.0,12
cargo pants,2017,21.333333333333332,23.5,19.0,256.0,12
cargo pants,2018,24.208333333333332,33.0,20.0,290.5,12
cargo pants,2019,26.25,29.0,23.0,315.0,12
cargo pants,2020,30.166666666666668,36.5,24.5,362.0,12
cargo pants,2021,37.708333333333336,43.0,32.0,452.5,12
cargo pants,2022,60.166666666666664,75.0,44.0,722.0,12
cargo pants,2023,69.875,75.0,63.0,838.5,12
cargo pants,2024,59.708333333333336,66.0,52.0,716.5,12
cargo pants,2025,52.2,57.5,47.0,522.0,10
pants,2004,19.708333333333332,23.5,17.5,236.5,12
pants,2005,22.666666666666668,26.0,20.5,272.0,12
pants,2006,19.708333333333332,22.5,18.5,236.5,12
pants,2007,18.916666666666668,22.5,17.5,227.0,12
pants,2008,21.625,29.5,17.5,259.5,12
pants,2009,21.75,25.5,19.5,261.0,12
pants,2010,23.958333333333332,41.5,20.0,287.5,12
pants,2011,22.625,27.5,20.5,271.5,12
pants,2012,26.041666666666668,30.0,24.0,312.5,12
pants,2013,29.5,33.5,26.5,354.0,12
pants,2014,31.5,35.5,29.0,378.0,12
pants,2015,31.875,35.5,29.5,382.5,12
pants,2016,32.708333333333336,36.5,30.0,392.5,12
pants,2017,35.083333333333336,41.0,31.5,421.0,12
pants,2018,36.375,40.5,34.0,436.5,12
pants,2019,38.0,44.5,35.0,456.0,12
pants,2020,36.416666666666664,44.5,30.0,437.0,12
pants,2021,41.416666666666664,50.0,37.5,497.0,12
pants,2022,45.0,50.0,42.0,540.0,12
pants,2023,46.916666666666664,53.5,43.5,563.0,12
pants,2024,49.166666666666664,56.5,43.5,590.0,12
pants,2025,53.05,60.0,49.0,530.5,10
shorts,2004,15.416666666666666,20.0,11.0,185.0,12
shorts,2005,16.333333333333332,23.0,12.0,196.0,12
shorts,2006,17.416666666666668,27.0,12.0,209.0,12
shorts,2007,16.333333333333332,23.0,11.0,196.0,12
shorts,2008,16.416666666666668,23.0,12.0,197.0,12
shorts,2009,18.75,26.0,13.0,225.0,12
shorts,2010,19.75,28.0,14.0,237.0,12
shorts,2011,21.583333333333332,30.0,15.0,259.0,12
shorts,2012,27.916666666666668,39.0,18.0,335.0,12
shorts,2013,31.25,46.0,21.0,375.0,12
shorts,2014,31.25,45.0,22.0,375.0,12
shorts,2015,31.083333333333332,45.0,22.0,373.0,12
shorts,2016,32.333333333333336,47.0,22.0,388.0,12
shorts,2017,34.416666666666664,52.0,23.0,413.0,12
shorts,2018,36.75,58.0,24.0,441.0,12
shorts,2019,37.25,57.0,26.0,447.0,12
shorts,2020,44.583333333333336,79.0,28.0,535.0,12
shorts,2021,47.333333333333336,74.0,28.0,568.0,12
shorts,2022,50.416666666666664,74.0,33.0,605.0,12
shorts,2023,59.166666666666664,91.0,42.0,710.0,12
shorts,2024,63.416666666666664,90.0,45.0,761.0,12
shorts,2025,76.6,100.0,50.0,766.0,10
skirt,2004,38.666666666666664,44.0,35.0,464.0,12
skirt,2005,40.833333333333336,45.0,36.0,490.0,12
skirt,2006,36.666666666666664,43.0,34.0,440.0,12
skirt,2007,32.083333333333336,35.0,30.0,385.0,12
skirt,2008,33.75,38.0,31.0,405.0,12
skirt,2009,35.333333333333336,38.0,31.0,424.0,12
skirt,2010,37.916666666666664,41.0,34.0,455.0,12
skirt,2011,40.75,47.0,35.0,489.0,12
skirt,2012,50.5,56.0,42.0,606.0,12
skirt,2013,58.25,62.0,51.0,699.0,12
skirt,2014,64.75,69.0,55.0,777.0,12
skirt,2015,64.0,68.0,59.0,768.0,12
skirt,2016,63.833333333333336,70.0,59.0,766.0,12
skirt,2017,65.58333333333333,73.0,58.0,787.0,12
skirt,2018,65.0,71.0,57.0,780.0,12
skirt,2019,65.41666666666667,75.0,59.0,785.0,12
skirt,2020,57.833333333333336,67.0,45.0,694.0,12
skirt,2021,63.25,75.0,50.0,759.0,12
skirt,2022,67.58333333333333,75.0,58.0,811.0,12
skirt,2023,73.41666666666667,82.0,63.0,881.0,12
skirt,2024,83.91666666666667,94.0,67.0,1007.0,12
skirt,2025,89.0,100.0,73.0,890.0,10
dress,2004,16.916666666666668,18.5,15.0,203.0,12
dress,2005,19.541666666666668,21.5,18.0,234.5,12
dress,2006,22.0,24.0,20.5,264.0,12
dress,2007,24.916666666666668,26.5,22.0,299.0,12
dress,2008,28.625,31.0,26.5,343.5,12
dress,2009,31.708333333333332,35.0,30.0,380.5,12
dress,2010,32.458333333333336,35.0,29.0,389.5,12
dress,2011,31.125,37.5,29.0,373.5,12
dress,2012,31.791666666666668,33.5,29.0,381.5,12
dress,2013,31.083333333333332,33.0,29.5,373.0,12
dress,2014,33.208333333333336,36.0,31.0,398.5,12
dress,2015,35.458333333333336,51.5,31.5,425.5,12
dress,2016,35.125,38.5,33.0,421.5,12
dress,2017,34.916666666666664,37.0,33.0,419.0,12
dress,2018,35.5,45.0,33.5,426.0,12
dress,2019,34.708333333333336,36.5,33.0,416.5,12
dress,2020,28.0,34.0,20.5,336.0,12
dress,2021,33.5,41.0,27.0,402.0,12
dress,2022,38.458333333333336,42.5,34.0,461.5,12
dress,2023,37.041666666666664,39.5,35.5,444.5,12
dress,2024,39.208333333333336,43.0,34.5,470.5,12
dress,2025,41.85,45.0,38.0,418.5,10
suit,2004,55.0,88.0,45.0,660.0,12
suit,2005,50.25,58.0,43.0,603.0,12
suit,2006,43.583333333333336,46.0,40.0,523.0,12
suit,2007,42.666666666666664,46.0,40.0,512.0,12
suit,2008,46.916666666666664,52.0,44.0,563.0,12
suit,2009,44.833333333333336,48.0,41.0,538.0,12
suit,2010,45.833333333333336,52.0,43.0,550.0,12
suit,2011,47.416666666666664,51.0,43.0,569.0,12
suit,2012,50.75,55.0,47.0,609.0,12
suit,2013,59.166666666666664,71.0,51.0,710.0,12
suit,2014,60.166666666666664,64.0,56.0,722.0,12
suit,2015,65.5,69.0,62.0,786.0,12
suit,2016,71.41666666666667,77.0,67.0,857.0,12
suit,2017,76.75,83.0,71.0,921.0,12
suit,2018,80.08333333333333,87.0,77.0,961.0,12
suit,2019,79.66666666666667,85.0,72.0,956.0,12
suit,2020,69.66666666666667,79.0,60.0,836.0,12
suit,2021,75.58333333333333,88.0,68.0,907.0,12
suit,2022,87.41666666666667,96.0,80.0,1049.0,12
suit,2023,84.58333333333333,89.0,77.0,1015.0,12
suit,2024,84.0,89.0,78.0,1008.0,12
suit,2025,91.1,100.0,87.0,911.0,10
blazer,2004,28.25,30.0,26.0,339.0,12
blazer,2005,25.5,30.0,23.0,306.0,12
blazer,2006,21.583333333333332,23.0,19.0,259.0,12
blazer,2007,21.416666666666668,24.0,20.0,257.0,12
blazer,2008,23.0,27.0,20.0,276.0,12
blazer,2009,25.333333333333332,27.0,23.0,304.0,12
blazer,2010,27.333333333333332,30.0,25.0,328.0,12
blazer,2011,31.25,39.0,28.0,375.0,12
blazer,2012,41.416666666666664,47.0,37.0,497.0,12
blazer,2013,43.416666666666664,48.0,38.0,521.0,12
blazer,2014,45.583333333333336,50.0,39.0,547.0,12
blazer,2015,45.583333333333336,50.0,40.0,547.0,12
blazer,2016,45.5,49.0,40.0,546.0,12
blazer,2017,47.333333333333336,57.0,40.0,568.0,12
blazer,2018,52.0,61.0,42.0,624.0,12
blazer,2019,64.66666666666667,74.0,57.0,776.0,12
blazer,2020,55.25,69.0,36.0,663.0,12
blazer,2021,72.25,94.0,61.0,867.0,12
blazer,2022,89.41666666666667,100.0,78.0,1073.0,12
blazer,2023,80.25,89.0,68.0,963.0,12
blazer,2024,70.75,85.0,56.0,849.0,12
blazer,2025,70.0,79.0,58.0,700.0,10
jacket,2004,9.666666666666666,15.0,7.0,116.0,12
jacket,2005,10.541666666666666,17.0,7.5,126.5,12
jacket,2006,9.791666666666666,13.5,7.0,117.5,12
jacket,2007,9.375,15.0,6.5,112.5,12
jacket,2008,10.208333333333334,15.5,7.5,122.5,12
jacket,2009,10.791666666666666,17.0,7.5,129.5,12
jacket,2010,11.375,18.5,7.5,136.5,12
jacket,2011,12.458333333333334,19.5,9.0,149.5,12
jacket,2012,13.541666666666666,19.0,9.5,162.5,12
jacket,2013,13.916666666666666,20.5,9.5,167.0,12
jacket,2014,14.75,22.5,9.5,177.0,12
jacket,2015,15.958333333333334,24.5,11.0,191.5,12
jacket,2016,19.5,30.5,13.0,234.0,12
jacket,2017,21.666666666666668,36.0,14.0,260.0,12
jacket,2018,22.375,35.0,14.5,268.5,12
jacket,2019,23.291666666666668,36.0,16.0,279.5,12
jacket,2020,21.25,34.0,13.0,255.0,12
jacket,2021,23.333333333333332,38.5,15.0,280.0,12
jacket,2022,25.333333333333332,39.5,17.5,304.0,12
jacket,2023,25.958333333333332,42.0,16.0,311.5,12
jacket,2024,28.375,51.5,18.0,340.5,12
jacket,2025,28.15,41.0,20.0,281.5,10
leather jacket,2004,18.083333333333332,33.5,10.0,217.0,12
leather jacket,2005,16.375,29.5,9.0,196.5,12
leather jacket,2006,15.5,27.0,9.0,186.0,12
leather jacket,2007,14.291666666666666,24.0,9.0,171.5,12
leather jacket,2008,16.666666666666668,27.0,11.0,200.0,12
leather jacket,2009,19.25,30.0,12.0,231.0,12
leather jacket,2010,18.75,28.5,11.5,225.0,12
leather jacket,2011,19.375,31.0,12.5,232.5,12
leather jacket,2012,23.0,34.0,16.0,276.0,12
leather jacket,2013,25.583333333333332,37.0,16.5,307.0,12
leather jacket,2014,25.625,37.0,16.0,307.5,12
leather jacket,2015,25.875,40.0,17.0,310.5,12
leather jacket,2016,28.041666666666668,42.0,18.5,336.5,12
leather jacket,2017,29.708333333333332,48.0,18.5,356.5,12
leather jacket,2018,29.5,46.5,17.5,354.0,12
leather jacket,2019,30.375,46.5,19.0,364.5,12
leather jacket,2020,26.75,39.0,18.0,321.0,12
leather jacket,2021,28.166666666666668,47.5,17.0,338.0,12
leather jacket,2022,28.916666666666668,44.0,17.5,347.0,12
leather jacket,2023,29.958333333333332,46.5,18.0,359.5,12
leather jacket,2024,33.625,56.5,20.0,403.5,12
leather jacket,2025,34.6,55.0,22.5,346.0,10
coat,2004,3.1666666666666665,7.0,1.0,38.0,12
coat,2005,3.25,7.0,1.0,39.0,12
coat,2006,2.9166666666666665,6.0,1.0,35.0,12
coat,2007,2.9166666666666665,6.0,1.0,35.0,12
coat,2008,2.8333333333333335,6.0,1.0,34.0,12
coat,2009,3.25,7.0,1.0,39.0,12
coat,2010,4.333333333333333,10.0,2.0,52.0,12
coat,2011,4.25,8.0,1.0,51.0,12
coat,2012,5.333333333333333,11.0,2.0,64.0,12
coat,2013,7.416666666666667,17.0,2.0,89.0,12
coat,2014,8.166666666666666,18.0,3.0,98.0,12
coat,2015,8.5,17.0,3.0,102.0,12
coat,2016,10.25,23.0,4.0,123.0,12
coat,2017,10.916666666666666,24.0,4.0,131.0,12
coat,2018,10.416666666666666,23.0,4.0,125.0,12
coat,2019,10.333333333333334,22.0,5.0,124.0,12
coat,2020,8.75,15.0,4.0,105.0,12
coat,2021,8.833333333333334,17.0,4.0,106.0,12
coat,2022,7.833333333333333,14.0,4.0,94.0,12
coat,2023,7.583333333333333,16.0,4.0,91.0,12
coat,2024,7.583333333333333,14.0,4.0,91.0,12
coat,2025,7.2,12.0,5.0,72.0,10
boots,2004,0.3333333333333333,1.0,0.0,4.0,12
boots,2005,0.4166666666666667,1.0,0.0,5.0,12
boots,2006,0.16666666666666666,1.0,0.0,2.0,12
boots,2007,0.08333333333333333,1.0,0.0,1.0,12
boots,2008,0.0,0.0,0.0,0.0,12
boots,2009,0.0,0.0,0.0,0.0,12
boots,2010,0.0,0.0,0.0,0.0,12
boots,2011,0.0,0.0,0.0,0.0,12
boots,2012,0.08333333333333333,1.0,0.0,1.0,12
boots,2013,0.3333333333333333,1.0,0.0,4.0,12
boots,2014,0.75,2.0,0.0,9.0,12
boots,2015,0.9166666666666666,2.0,0.0,11.0,12
boots,2016,0.8333333333333334,2.0,0.0,10.0,12
boots,2017,0.75,2.0,0.0,9.0,12
boots,2018,0.6666666666666666,2.0,0.0,8.0,12
boots,2019,0.4166666666666667,1.0,0.0,5.0,12
boots,2020,0.25,1.0,0.0,3.0,12
boots,2021,0.16666666666666666,1.0,0.0,2.0,12
boots,2022,0.0,0.0,0.0,0.0,12
boots,2023,0.0,0.0,0.0,0.0,12
boots,2024,0.16666666666666666,1.0,0.0,2.0,12
boots,2025,0.2,1.0,0.0,2.0,10
sneakers,2004,8.041666666666666,9.0,7.0,96.5,12
sneakers,2005,8.833333333333334,10.5,8.0,106.0,12
sneakers,2006,9.416666666666666,11.5,8.5,113.0,12
sneakers,2007,9.541666666666666,11.0,8.0,114.5,12
sneakers,2008,9.25,11.5,7.5,111.0,12
sneakers,2009,7.583333333333333,11.0,6.5,91.0,12
sneakers,2010,7.5,10.0,6.0,90.0,12
sneakers,2011,9.416666666666666,11.5,8.5,113.0,12
sneakers,2012,11.416666666666666,14.0,9.5,137.0,12
sneakers,2013,11.708333333333334,14.5,10.5,140.5,12
sneakers,2014,12.833333333333334,14.0,11.5,154.0,12
sneakers,2015,14.208333333333334,16.5,13.0,170.5,12
sneakers,2016,15.375,19.5,13.5,184.5,12
sneakers,2017,15.166666666666666,23.0,12.5,182.0,12
sneakers,2018,17.958333333333332,26.5,14.5,215.5,12
sneakers,2019,23.958333333333332,37.0,19.5,287.5,12
sneakers,2020,31.75,41.0,26.0,381.0,12
sneakers,2021,35.5,47.0,29.5,426.0,12
sneakers,2022,35.25,39.5,31.5,423.0,12
sneakers,2023,30.916666666666668,34.0,26.5,371.0,12
sneakers,2024,22.0,25.5,19.0,264.0,12
sneakers,2025,20.0,22.5,19.0,200.0,10
heels,2004,15.875,17.5,14.5,190.5,12
heels,2005,15.458333333333334,16.5,14.5,185.5,12
heels,2006,14.041666666666666,15.0,13.0,168.5,12
heels,2007,13.25,14.5,12.5,159.0,12
heels,2008,14.458333333333334,15.5,13.5,173.5,12
heels,2009,16.541666666666668,18.0,14.0,198.5,12
heels,2010,19.208333333333332,20.5,18.0,230.5,12
heels,2011,23.958333333333332,26.0,22.0,287.5,12
heels,2012,28.875,32.0,27.0,346.5,12
heels,2013,27.583333333333332,31.0,25.5,331.0,12
heels,2014,28.083333333333332,30.5,26.5,337.0,12
heels,2015,28.333333333333332,31.5,26.5,340.0,12
heels,2016,29.458333333333332,34.0,26.5,353.5,12
heels,2017,28.333333333333332,31.0,26.5,340.0,12
heels,2018,26.583333333333332,30.5,24.5,319.0,12
heels,2019,26.166666666666668,29.0,24.5,314.0,12
heels,2020,21.541666666666668,25.5,18.0,258.5,12
heels,2021,27.958333333333332,33.0,22.0,335.5,12
heels,2022,29.833333333333332,36.5,25.5,358.0,12
heels,2023,27.25,29.5,26.0,327.0,12
heels,2024,31.25,34.0,28.5,375.0,12
heels,2025,36.4,50.5,31.5,364.0,10
loafers,2004,6.75,8.0,5.0,81.0,12
loafers,2005,7.25,8.0,7.0,87.0,12
loafers,2006,6.666666666666667,7.0,6.0,80.0,12
loafers,2007,6.5,8.0,6.0,78.0,12
loafers,2008,7.25,8.0,6.0,87.0,12
loafers,2009,7.916666666666667,9.0,7.0,95.0,12
loafers,2010,9.25,11.0,7.0,111.0,12
loafers,2011,11.75,16.0,9.0,141.0,12
loafers,2012,17.416666666666668,22.0,14.0,209.0,12
loafers,2013,19.916666666666668,23.0,17.0,239.0,12
loafers,2014,23.916666666666668,27.0,19.0,287.0,12
loafers,2015,25.75,28.0,22.0,309.0,12
loafers,2016,30.416666666666668,35.0,24.0,365.0,12
loafers,2017,35.833333333333336,40.0,30.0,430.0,12
loafers,2018,36.5,44.0,32.0,438.0,12
loafers,2019,37.333333333333336,41.0,31.0,448.0,12
loafers,2020,28.333333333333332,36.0,22.0,340.0,12
loafers,2021,37.916666666666664,49.0,27.0,455.0,12
loafers,2022,51.916666666666664,64.0,40.0,623.0,12
loafers,2023,57.166666666666664,68.0,49.0,686.0,12
loafers,2024,67.5,78.0,54.0,810.0,12
loafers,2025,81.7,100.0,69.0,817.0,10
slides,2004,10.583333333333334,12.0,9.0,127.0,12
slides,2005,9.75,10.5,9.0,117.0,12
slides,2006,9.458333333333334,10.5,8.5,113.5,12
slides,2007,9.208333333333334,10.0,8.0,110.5,12
slides,2008,9.291666666666666,10.0,8.0,111.5,12
slides,2009,9.541666666666666,11.0,8.0,114.5,12
slides,2010,8.708333333333334,10.0,7.5,104.5,12
slides,2011,8.0,9.0,7.0,96.0,12
slides,2012,8.0,9.5,6.5,96.0,12
slides,2013,7.916666666666667,8.5,6.5,95.0,12
slides,2014,8.416666666666666,9.0,7.5,101.0,12
slides,2015,12.625,17.5,8.5,151.5,12
slides,2016,20.541666666666668,28.5,12.0,246.5,12
slides,2017,30.958333333333332,41.5,18.0,371.5,12
slides,2018,35.125,50.5,20.0,421.5,12
slides,2019,36.75,49.0,20.5,441.0,12
slides,2020,33.25,53.0,23.0,399.0,12
slides,2021,23.708333333333332,27.0,20.0,284.5,12
slides,2022,36.416666666666664,49.5,24.5,437.0,12
slides,2023,35.041666666666664,42.0,25.0,420.5,12
slides,2024,34.625,40.5,25.0,415.5,12
slides,2025,34.95,41.0,27.0,349.5,10
sandals,2004,32.333333333333336,49.0,18.0,388.0,12
sandals,2005,33.25,49.0,17.0,399.0,12
sandals,2006,31.833333333333332,47.0,18.0,382.0,12
sandals,2007,37.5,49.0,28.0,450.0,12
sandals,2008,39.75,53.0,30.0,477.0,12
sandals,2009,41.833333333333336,61.0,29.0,502.0,12
sandals,2010,41.416666666666664,59.0,25.0,497.0,12
sandals,2011,37.416666666666664,55.0,22.0,449.0,12
sandals,2012,35.666666666666664,52.0,20.0,428.0,12
sandals,2013,36.166666666666664,56.0,22.0,434.0,12
sandals,2014,39.583333333333336,59.0,23.0,475.0,12
sandals,2015,43.166666666666664,69.0,24.0,518.0,12
sandals,2016,45.916666666666664,73.0,27.0,551.0,12
sandals,2017,50.083333333333336,86.0,29.0,601.0,12
sandals,2018,52.333333333333336,89.0,27.0,628.0,12
sandals,2019,53.416666666666664,90.0,29.0,641.0,12
sandals,2020,43.416666666666664,74.0,26.0,521.0,12
sandals,2021,52.916666666666664,93.0,28.0,635.0,12
sandals,2022,57.0,93.0,29.0,684.0,12
sandals,2023,55.416666666666664,100.0,32.0,665.0,12
sandals,2024,55.416666666666664,92.0,32.0,665.0,12
sandals,2025,61.4,92.0,34.0,614.0,10
cap,2004,15.333333333333334,20.0,13.0,184.0,12
cap,2005,14.666666666666666,17.0,12.0,176.0,12
cap,2006,14.75,19.0,11.0,177.0,12
cap,2007,15.0,19.0,11.0,180.0,12
cap,2008,16.25,20.0,14.0,195.0,12
cap,2009,15.166666666666666,19.0,14.0,182.0,12
cap,2010,16.333333333333332,24.0,12.0,196.0,12
cap,2011,18.75,22.0,16.0,225.0,12
cap,2012,17.0,19.0,15.0,204.0,12
cap,2013,13.833333333333334,17.0,11.0,166.0,12
cap,2014,12.333333333333334,15.0,11.0,148.0,12
cap,2015,12.583333333333334,16.0,10.0,151.0,12
cap,2016,13.5,17.0,11.0,162.0,12
cap,2017,12.0,14.0,10.0,144.0,12
cap,2018,11.75,14.0,10.0,141.0,12
cap,2019,11.916666666666666,15.0,9.0,143.0,12
cap,2020,15.583333333333334,29.0,10.0,187.0,12
cap,2021,37.416666666666664,47.0,24.0,449.0,12
cap,2022,34.5,39.0,31.0,414.0,12
cap,2023,27.916666666666668,32.0,26.0,335.0,12
cap,2024,27.916666666666668,37.0,23.0,335.0,12
cap,2025,30.2,34.0,23.0,302.0,10
beanie,2004,15.208333333333334,20.0,12.5,182.5,12
beanie,2005,13.333333333333334,17.0,10.5,160.0,12
beanie,2006,10.25,13.0,8.5,123.0,12
beanie,2007,9.208333333333334,16.5,7.0,110.5,12
beanie,2008,9.458333333333334,15.5,6.5,113.5,12
beanie,2009,11.041666666666666,17.5,7.0,132.5,12
beanie,2010,10.75,19.0,7.0,129.0,12
beanie,2011,11.083333333333334,20.0,7.0,133.0,12
beanie,2012,14.125,28.5,8.5,169.5,12
beanie,2013,17.833333333333332,33.5,10.5,214.0,12
beanie,2014,18.625,38.0,10.5,223.5,12
beanie,2015,17.416666666666668,30.5,12.0,209.0,12
beanie,2016,18.625,36.5,11.5,223.5,12
beanie,2017,17.791666666666668,36.5,11.5,213.5,12
beanie,2018,17.625,34.5,11.0,211.5,12
beanie,2019,18.208333333333332,36.5,12.0,218.5,12
beanie,2020,19.666666666666668,43.0,13.0,236.0,12
beanie,2021,21.291666666666668,43.0,13.0,255.5,12
beanie,2022,20.541666666666668,40.5,12.5,246.5,12
beanie,2023,20.0,37.0,13.5,240.0,12
beanie,2024,21.0,47.0,12.0,252.0,12
beanie,2025,23.35,50.5,14.5,233.5,10
bucket hat,2004,3.8333333333333335,6.0,2.0,46.0,12
bucket hat,2005,3.3333333333333335,5.0,2.0,40.0,12
bucket hat,2006,2.5,4.0,1.0,30.0,12
bucket hat,2007,2.5,4.0,2.0,30.0,12
bucket hat,2008,2.6666666666666665,4.0,2.0,32.0,12
bucket hat,2009,2.6666666666666665,4.0,2.0,32.0,12
bucket hat,2010,2.8333333333333335,4.0,2.0,34.0,12
bucket hat,2011,2.6666666666666665,4.0,2.0,32.0,12
bucket hat,2012,3.5,5.0,2.0,42.0,12
bucket hat,2013,7.833333333333333,12.0,3.0,94.0,12
bucket hat,2014,23.166666666666668,37.0,10.0,278.0,12
bucket hat,2015,19.833333333333332,33.0,10.0,238.0,12
bucket hat,2016,14.166666666666666,25.0,9.0,170.0,12
bucket hat,2017,12.5,22.0,8.0,150.0,12
bucket hat,2018,14.833333333333334,23.0,9.0,178.0,12
bucket hat,2019,28.666666666666668,48.0,13.0,344.0,12
bucket hat,2020,54.916666666666664,95.0,29.0,659.0,12
bucket hat,2021,61.083333333333336,93.0,46.0,733.0,12
bucket hat,2022,62.416666666666664,100.0,42.0,749.0,12
bucket hat,2023,53.166666666666664,88.0,37.0,638.0,12
bucket hat,2024,46.5,66.0,35.0,558.0,12
bucket hat,2025,45.7,70.0,31.0,457.0,10
durag,2004,0.0,0.0,0.0,0.0,12
durag,2005,1.1666666666666667,3.0,0.0,14.0,12
durag,2006,1.75,2.0,1.0,21.0,12
durag,2007,1.4166666666666667,2.0,0.0,17.0,12
durag,2008,1.25,2.0,1.0,15.0,12
durag,2009,1.0,1.0,1.0,12.0,12
durag,2010,0.9166666666666666,1.0,0.0,11.0,12
durag,2011,1.0,1.0,1.0,12.0,12
durag,2012,0.4166666666666667,1.0,0.0,5.0,12
durag,2013,0.5,1.0,0.0,6.0,12
durag,2014,0.3333333333333333,1.0,0.0,4.0,12
durag,2015,0.08333333333333333,1.0,0.0,1.0,12
durag,2016,0.16666666666666666,1.0,0.0,2.0,12
durag,2017,0.6666666666666666,1.0,0.0,8.0,12
durag,2018,0.75,1.0,0.0,9.0,12
durag,2019,0.5,1.0,0.0,6.0,12
durag,2020,0.5833333333333334,2.0,0.0,7.0,12
durag,2021,0.16666666666666666,1.0,0.0,2.0,12
durag,2022,0.0,0.0,0.0,0.0,12
durag,2023,0.0,0.0,0.0,0.0,12
durag,2024,0.08333333333333333,1.0,0.0,1.0,12
durag,2025,0.7,1.0,0.0,7.0,10
watch,2004,3.0416666666666665,3.5,2.5,36.5,12
watch,2005,2.875,3.5,2.5,34.5,12
watch,2006,2.8333333333333335,3.5,2.0,34.0,12
watch,2007,2.7083333333333335,3.5,2.5,32.5,12
watch,2008,2.8333333333333335,3.5,2.5,34.0,12
watch,2009,3.0,4.0,2.5,36.0,12
watch,2010,3.125,4.0,2.5,37.5,12
watch,2011,3.4166666666666665,4.0,3.0,41.0,12
watch,2012,3.875,5.0,3.5,46.5,12
watch,2013,4.208333333333333,5.0,3.5,50.5,12
watch,2014,4.541666666666667,6.0,4.0,54.5,12
watch,2015,4.541666666666667,5.5,4.0,54.5,12
watch,2016,4.625,5.5,4.0,55.5,12
watch,2017,5.083333333333333,6.0,4.5,61.0,12
watch,2018,5.583333333333333,7.0,4.5,67.0,12
watch,2019,6.041666666666667,8.5,5.0,72.5,12
watch,2020,5.583333333333333,6.5,4.5,67.0,12
watch,2021,5.125,5.5,4.5,61.5,12
watch,2022,6.041666666666667,6.5,5.5,72.5,12
watch,2023,6.125,7.0,5.5,73.5,12
watch,2024,6.625,8.0,5.5,79.5,12
watch,2025,7.2,9.0,6.0,72.0,10
chain,2004,5.916666666666667,8.0,5.0,71.0,12
chain,2005,6.083333333333333,8.0,5.0,73.0,12
chain,2006,5.583333333333333,8.0,4.0,67.0,12
chain,2007,5.25,7.0,4.0,63.0,12
chain,2008,5.333333333333333,7.0,5.0,64.0,12
chain,2009,5.333333333333333,8.0,5.0,64.0,12
chain,2010,5.333333333333333,7.0,5.0,64.0,12
chain,2011,5.333333333333333,7.0,5.0,64.0,12
chain,2012,5.916666666666667,8.0,5.0,71.0,12
chain,2013,6.25,8.0,6.0,75.0,12
chain,2014,6.833333333333333,10.0,6.0,82.0,12
chain,2015,7.0,10.0,6.0,84.0,12
chain,2016,8.083333333333334,12.0,7.0,97.0,12
chain,2017,10.166666666666666,15.0,9.0,122.0,12
chain,2018,12.333333333333334,18.0,10.0,148.0,12
chain,2019,14.833333333333334,20.0,13.0,178.0,12
chain,2020,17.5,23.0,13.0,210.0,12
chain,2021,20.083333333333332,27.0,17.0,241.0,12
chain,2022,22.833333333333332,27.0,20.0,274.0,12
chain,2023,24.833333333333332,29.0,22.0,298.0,12
chain,2024,26.25,36.0,21.0,315.0,12
chain,2025,32.0,40.0,26.0,320.0,10
bracelet,2004,25.333333333333332,44.0,15.0,304.0,12
bracelet,2005,24.916666666666668,30.0,19.0,299.0,12
bracelet,2006,18.5,26.0,15.0,222.0,12
bracelet,2007,19.083333333333332,28.0,16.0,229.0,12
bracelet,2008,20.583333333333332,31.0,17.0,247.0,12
bracelet,2009,23.166666666666668,34.0,19.0,278.0,12
bracelet,2010,30.416666666666668,45.0,21.0,365.0,12
bracelet,2011,33.0,51.0,28.0,396.0,12
bracelet,2012,40.416666666666664,55.0,35.0,485.0,12
bracelet,2013,41.333333333333336,67.0,34.0,496.0,12
bracelet,2014,53.916666666666664,76.0,41.0,647.0,12
bracelet,2015,46.0,70.0,41.0,552.0,12
bracelet,2016,45.25,64.0,39.0,543.0,12
bracelet,2017,44.916666666666664,68.0,38.0,539.0,12
bracelet,2018,46.75,68.0,39.0,561.0,12
bracelet,2019,50.75,71.0,44.0,609.0,12
bracelet,2020,50.083333333333336,69.0,37.0,601.0,12
bracelet,2021,54.25,72.0,48.0,651.0,12
bracelet,2022,57.666666666666664,76.0,46.0,692.0,12
bracelet,2023,65.25,92.0,51.0,783.0,12
bracelet,2024,70.75,100.0,60.0,849.0,12
bracelet,2025,74.5,91.0,65.0,745.0,10
ring,2004,14.166666666666666,18.0,12.5,170.0,12
ring,2005,12.5,16.0,10.5,150.0,12
ring,2006,10.041666666666666,11.0,9.0,120.5,12
ring,2007,8.666666666666666,9.0,8.0,104.0,12
ring,2008,8.458333333333334,9.5,7.5,101.5,12
ring,2009,8.25,9.0,7.0,99.0,12
ring,2010,8.25,9.5,7.5,99.0,12
ring,2011,8.875,10.0,8.0,106.5,12
ring,2012,9.0,10.0,8.0,108.0,12
ring,2013,9.333333333333334,10.5,8.5,112.0,12
ring,2014,9.458333333333334,10.5,9.0,113.5,12
ring,2015,9.75,10.5,9.0,117.0,12
ring,2016,10.291666666666666,12.0,9.5,123.5,12
ring,2017,10.666666666666666,12.0,10.0,128.0,12
ring,2018,10.625,12.0,10.0,127.5,12
ring,2019,11.041666666666666,13.0,10.0,132.5,12
ring,2020,11.291666666666666,14.0,9.5,135.5,12
ring,2021,11.75,13.5,11.0,141.0,12
ring,2022,20.125,50.0,13.0,241.5,12
ring,2023,14.291666666666666,17.0,13.0,171.5,12
ring,2024,18.125,27.0,14.0,217.5,12
ring,2025,16.95,18.5,15.5,169.5,10
earrings,2004,15.166666666666666,17.0,14.0,182.0,12
earrings,2005,15.333333333333334,19.0,13.0,184.0,12
earrings,2006,16.25,21.0,14.0,195.0,12
earrings,2007,15.916666666666666,20.0,11.0,191.0,12
earrings,2008,16.5,21.0,14.0,198.0,12
earrings,2009,15.166666666666666,18.0,12.0,182.0,12
earrings,2010,13.666666666666666,16.0,11.0,164.0,12
earrings,2011,13.5,17.0,10.0,162.0,12
earrings,2012,15.916666666666666,18.0,13.0,191.0,12
earrings,2013,13.583333333333334,16.0,12.0,163.0,12
earrings,2014,13.083333333333334,15.0,12.0,157.0,12
earrings,2015,12.5,14.0,11.0,150.0,12
earrings,2016,12.5,14.0,12.0,150.0,12
earrings,2017,12.666666666666666,14.0,12.0,152.0,12
earrings,2018,13.583333333333334,18.0,12.0,163.0,12
earrings,2019,12.25,14.0,12.0,147.0,12
earrings,2020,12.916666666666666,17.0,11.0,155.0,12
earrings,2021,12.916666666666666,14.0,12.0,155.0,12
earrings,2022,12.916666666666666,14.0,12.0,155.0,12
earrings,2023,13.166666666666666,15.0,12.0,158.0,12
earrings,2024,14.333333333333334,17.0,13.0,172.0,12
earrings,2025,16.7,19.0,15.0,167.0,10
bag,2004,3.125,4.0,2.5,37.5,12
bag,2005,3.0833333333333335,4.0,2.5,37.0,12
bag,2006,3.2916666666666665,4.5,3.0,39.5,12
bag,2007,3.2916666666666665,4.5,3.0,39.5,12
bag,2008,3.4583333333333335,4.5,3.0,41.5,12
bag,2009,3.125,4.0,3.0,37.5,12
bag,2010,3.125,3.5,3.0,37.5,12
bag,2011,3.125,4.0,3.0,37.5,12
bag,2012,3.625,4.5,3.0,43.5,12
bag,2013,3.7083333333333335,4.5,3.0,44.5,12
bag,2014,3.7916666666666665,4.5,3.0,45.5,12
bag,2015,4.083333333333333,5.0,4.0,49.0,12
bag,2016,4.166666666666667,5.5,4.0,50.0,12
bag,2017,4.708333333333333,6.0,4.0,56.5,12
bag,2018,4.916666666666667,6.0,4.5,59.0,12
bag,2019,5.041666666666667,6.5,4.5,60.5,12
bag,2020,5.666666666666667,7.5,5.0,68.0,12
bag,2021,5.875,7.5,5.0,70.5,12
bag,2022,6.75,7.5,6.5,81.0,12
bag,2023,6.75,7.5,6.0,81.0,12
bag,2024,7.333333333333333,9.0,6.5,88.0,12
bag,2025,8.0,9.5,7.0,80.0,10
belt,2004,48.75,53.0,47.0,585.0,12
belt,2005,50.916666666666664,56.0,47.0,611.0,12
belt,2006,46.833333333333336,51.0,43.0,562.0,12
belt,2007,42.75,45.0,41.0,513.0,12
belt,2008,44.416666666666664,47.0,42.0,533.0,12
belt,2009,45.0,48.0,43.0,540.0,12
belt,2010,45.416666666666664,50.0,43.0,545.0,12
belt,2011,47.583333333333336,51.0,45.0,571.0,12
belt,2012,52.583333333333336,55.0,49.0,631.0,12
belt,2013,53.666666666666664,58.0,51.0,644.0,12
belt,2014,55.75,58.0,53.0,669.0,12
belt,2015,59.583333333333336,66.0,54.0,715.0,12
belt,2016,62.416666666666664,65.0,60.0,749.0,12
belt,2017,67.33333333333333,75.0,60.0,808.0,12
belt,2018,71.91666666666667,79.0,67.0,863.0,12
belt,2019,74.66666666666667,80.0,71.0,896.0,12
belt,2020,68.33333333333333,74.0,61.0,820.0,12
belt,2021,68.08333333333333,74.0,65.0,817.0,12
belt,2022,73.41666666666667,77.0,71.0,881.0,12
belt,2023,72.66666666666667,76.0,69.0,872.0,12
belt,2024,76.66666666666667,84.0,70.0,920.0,12
belt,2025,86.0,100.0,76.0,860.0,10
shades,2004,5.833333333333333,7.5,4.5,70.0,12
shades,2005,5.708333333333333,8.0,4.5,68.5,12
shades,2006,5.833333333333333,8.0,4.5,70.0,12
shades,2007,5.75,8.0,4.5,69.0,12
shades,2008,5.541666666666667,7.5,4.0,66.5,12
shades,2009,4.875,6.5,3.5,58.5,12
shades,2010,5.291666666666667,7.0,3.5,63.5,12
shades,2011,5.416666666666667,7.0,4.0,65.0,12
shades,2012,12.0,22.0,4.5,144.0,12
shades,2013,9.333333333333334,11.5,7.0,112.0,12
shades,2014,9.375,17.0,7.5,112.5,12
shades,2015,16.166666666666668,53.5,8.0,194.0,12
shades,2016,9.333333333333334,10.5,7.0,112.0,12
shades,2017,11.541666666666666,24.0,8.0,138.5,12
shades,2018,10.458333333333334,19.5,7.0,125.5,12
shades,2019,8.083333333333334,10.0,6.5,97.0,12
shades,2020,7.875,10.0,6.5,94.5,12
shades,2021,7.583333333333333,9.5,6.5,91.0,12
shades,2022,7.833333333333333,10.0,6.5,94.0,12
shades,2023,7.791666666666667,9.5,6.5,93.5,12
shades,2024,7.875,9.5,6.5,94.5,12
shades,2025,8.8,10.5,6.5,88.0,10
denim,2004,26.25,28.0,23.0,315.0,12
denim,2005,26.833333333333332,30.0,24.0,322.0,12
denim,2006,25.916666666666668,27.0,23.0,311.0,12
denim,2007,24.0,25.0,22.0,288.0,12
denim,2008,24.166666666666668,27.0,22.0,290.0,12
denim,2009,23.75,27.0,22.0,285.0,12
denim,2010,25.5,28.0,23.0,306.0,12
denim,2011,28.0,31.0,24.0,336.0,12
denim,2012,35.0,38.0,30.0,420.0,12
denim,2013,38.333333333333336,43.0,34.0,460.0,12
denim,2014,39.083333333333336,41.0,36.0,469.0,12
denim,2015,42.166666666666664,46.0,38.0,506.0,12
denim,2016,46.666666666666664,51.0,41.0,560.0,12
denim,2017,54.666666666666664,59.0,44.0,656.0,12
denim,2018,54.916666666666664,61.0,48.0,659.0,12
denim,2019,54.5,58.0,48.0,654.0,12
denim,2020,50.166666666666664,56.0,42.0,602.0,12
denim,2021,51.75,57.0,47.0,621.0,12
denim,2022,53.166666666666664,58.0,48.0,638.0,12
denim,2023,62.416666666666664,69.0,54.0,749.0,12
denim,2024,76.0,86.0,60.0,912.0,12
denim,2025,91.6,100.0,75.0,916.0,10
leather,2004,42.125,52.5,36.0,505.5,12
leather,2005,38.916666666666664,49.5,34.0,467.0,12
leather,2006,34.958333333333336,42.5,30.5,419.5,12
leather,2007,32.416666666666664,41.0,28.0,389.0,12
leather,2008,32.125,40.0,28.0,385.5,12
leather,2009,31.041666666666668,38.0,26.5,372.5,12
leather,2010,31.041666666666668,40.0,26.5,372.5,12
leather,2011,32.166666666666664,41.5,28.5,386.0,12
leather,2012,35.416666666666664,43.0,30.0,425.0,12
leather,2013,37.166666666666664,47.0,30.5,446.0,12
leather,2014,38.333333333333336,48.5,32.0,460.0,12
leather,2015,38.875,49.5,32.5,466.5,12
leather,2016,41.916666666666664,53.0,37.5,503.0,12
leather,2017,42.416666666666664,53.0,36.5,509.0,12
leather,2018,41.208333333333336,51.0,36.5,494.5,12
leather,2019,40.458333333333336,52.5,35.0,485.5,12
leather,2020,38.458333333333336,45.5,30.5,461.5,12
leather,2021,39.083333333333336,49.5,34.0,469.0,12
leather,2022,38.375,45.0,33.5,460.5,12
leather,2023,38.041666666666664,48.5,33.5,456.5,12
leather,2024,42.666666666666664,58.5,37.0,512.0,12
leather,2025,47.85,61.5,40.5,478.5,10
silk,2004,60.75,67.0,58.0,729.0,12
silk,2005,58.5,63.0,53.0,702.0,12
silk,2006,57.916666666666664,61.0,56.0,695.0,12
silk,2007,52.5,56.0,50.0,630.0,12
silk,2008,49.333333333333336,52.0,45.0,592.0,12
silk,2009,47.416666666666664,53.0,44.0,569.0,12
silk,2010,45.5,48.0,44.0,546.0,12
silk,2011,50.333333333333336,69.0,45.0,604.0,12
silk,2012,50.583333333333336,54.0,46.0,607.0,12
silk,2013,53.25,63.0,50.0,639.0,12
silk,2014,52.666666666666664,58.0,49.0,632.0,12
silk,2015,53.666666666666664,57.0,51.0,644.0,12
silk,2016,57.083333333333336,62.0,53.0,685.0,12
silk,2017,61.833333333333336,70.0,56.0,742.0,12
silk,2018,63.916666666666664,68.0,61.0,767.0,12
silk,2019,64.58333333333333,68.0,61.0,775.0,12
silk,2020,65.5,81.0,51.0,786.0,12
silk,2021,66.91666666666667,77.0,62.0,803.0,12
silk,2022,70.25,77.0,67.0,843.0,12
silk,2023,67.33333333333333,76.0,61.0,808.0,12
silk,2024,68.33333333333333,75.0,63.0,820.0,12
silk,2025,77.8,100.0,68.0,778.0,10
cotton,2004,42.583333333333336,46.0,40.0,511.0,12
cotton,2005,41.583333333333336,43.0,38.0,499.0,12
cotton,2006,39.083333333333336,41.0,37.0,469.0,12
cotton,2007,36.916666666666664,39.0,35.0,443.0,12
cotton,2008,35.666666666666664,37.0,34.0,428.0,12
cotton,2009,35.666666666666664,39.0,33.0,428.0,12
cotton,2010,38.25,44.0,35.0,459.0,12
cotton,2011,39.833333333333336,44.0,35.0,478.0,12
cotton,2012,42.833333333333336,46.0,39.0,514.0,12
cotton,2013,44.833333333333336,50.0,41.0,538.0,12
cotton,2014,47.333333333333336,52.0,43.0,568.0,12
cotton,2015,49.333333333333336,56.0,45.0,592.0,12
cotton,2016,53.0,57.0,48.0,636.0,12
cotton,2017,56.75,62.0,53.0,681.0,12
cotton,2018,59.666666666666664,70.0,56.0,716.0,12
cotton,2019,60.75,67.0,57.0,729.0,12
cotton,2020,68.58333333333333,78.0,53.0,823.0,12
cotton,2021,68.58333333333333,73.0,64.0,823.0,12
cotton,2022,74.58333333333333,81.0,70.0,895.0,12
cotton,2023,73.08333333333333,82.0,68.0,877.0,12
cotton,2024,76.75,83.0,72.0,921.0,12
cotton,2025,89.4,100.0,75.0,894.0,10
wool,2004,14.0,35.0,7.0,168.0,12
wool,2005,13.833333333333334,32.0,7.0,166.0,12
wool,2006,13.0,29.0,7.0,156.0,12
wool,2007,12.916666666666666,29.0,8.0,155.0,12
wool,2008,18.583333333333332,37.0,9.0,223.0,12
wool,2009,12.75,24.0,8.0,153.0,12
wool,2010,14.166666666666666,27.0,9.0,170.0,12
wool,2011,14.666666666666666,26.0,10.0,176.0,12
wool,2012,16.166666666666668,28.0,12.0,194.0,12
wool,2013,16.25,28.0,12.0,195.0,12
wool,2014,15.666666666666666,27.0,10.0,188.0,12
wool,2015,15.5,25.0,10.0,186.0,12
wool,2016,15.25,28.0,10.0,183.0,12
wool,2017,16.416666666666668,29.0,11.0,197.0,12
wool,2018,15.833333333333334,30.0,10.0,190.0,12
wool,2019,16.666666666666668,29.0,11.0,200.0,12
wool,2020,17.166666666666668,32.0,11.0,206.0,12
wool,2021,17.75,32.0,11.0,213.0,12
wool,2022,17.25,30.0,12.0,207.0,12
wool,2023,18.25,35.0,12.0,219.0,12
wool,2024,24.833333333333332,49.0,14.0,298.0,12
wool,2025,24.3,36.0,18.0,243.0,10
velvet,2004,65.5,95.0,41.0,786.0,12
velvet,2005,53.75,63.0,47.0,645.0,12
velvet,2006,41.833333333333336,46.0,38.0,502.0,12
velvet,2007,44.5,50.0,38.0,534.0,12
velvet,2008,39.0,42.0,36.0,468.0,12
velvet,2009,38.833333333333336,48.0,34.0,466.0,12
velvet,2010,38.833333333333336,48.0,34.0,466.0,12
velvet,2011,42.666666666666664,55.0,39.0,512.0,12
velvet,2012,42.583333333333336,50.0,38.0,511.0,12
velvet,2013,42.416666666666664,52.0,35.0,509.0,12
velvet,2014,54.0,64.0,42.0,648.0,12
velvet,2015,63.25,81.0,49.0,759.0,12
velvet,2016,67.83333333333333,100.0,50.0,814.0,12
velvet,2017,72.25,98.0,57.0,867.0,12
velvet,2018,70.08333333333333,89.0,58.0,841.0,12
velvet,2019,65.91666666666667,92.0,54.0,791.0,12
velvet,2020,71.41666666666667,86.0,56.0,857.0,12
velvet,2021,69.5,84.0,59.0,834.0,12
velvet,2022,63.166666666666664,79.0,54.0,758.0,12
velvet,2023,59.916666666666664,81.0,49.0,719.0,12
velvet,2024,60.166666666666664,80.0,49.0,722.0,12
velvet,2025,58.7,68.0,52.0,587.0,10
